,ANSYS,MATLAB,% Difference
Left,3.8907,2.655824,37.73%
Right,3.3051,2.557018,25.52%
